"BRANCH_CODE";"BRANCH_NAME";"BRANCH_STREET";"BRANCH_CITY";"BRANCH_STATE";"BRANCH_ZIP";"BRANCH_PHONE";"LAST_UPDATED"
1;"Example Bank";"Bridle Court";"Lakeville";"MN";"55044";"(123)456-5276";"2018-04-18 16:51:47"
2;"Example Bank";"Washington Street";"Huntley";"IL";"60142";"(123)461-8993";"2018-04-18 16:51:47"
3;"Example Bank";"Warren Street";"SouthRichmondHill";"NY";"11419";"(123)498-5926";"2018-04-18 16:51:47"
4;"Example Bank";"Cleveland Street";"Middleburg";"FL";"32068";"(123)466-3064";"2018-04-18 16:51:47"
5;"Example Bank";"14th Street";"KingOfPrussia";"PA";"19406";"(123)484-9701";"2018-04-18 16:51:47"
7;"Example Bank";"Jefferson Street";"Paterson";"NJ";"07501";"(123)414-4890";"2018-04-18 16:51:47"
8;"Example Bank";"B Street";"Pittsford";"NY";"14534";"(123)467-8272";"2018-04-18 16:51:47"
9;"Example Bank";"Jefferson Court";"Wethersfield";"CT";"06109";"(123)467-5219";"2018-04-18 16:51:47"
10;"Example Bank";"Cambridge Road";"NorthOlmsted";"OH";"44070";"(123)414-5047";"2018-04-18 16:51:47"
11;"Example Bank";"3rd Street West";"Hillsborough";"NJ";"08844";"(123)436-6354";"2018-04-18 16:51:47"
12;"Example Bank";"Mill Road";"MadisonHeights";"MI";"48071";"(123)486-7175";"2018-04-18 16:51:47"
14;"Example Bank";"Washington Street";"Oviedo";"FL";"32765";"(123)493-8460";"2018-04-18 16:51:47"
15;"Example Bank";"Chestnut Street";"Mechanicsburg";"PA";"17050";"(123)446-2043";"2018-04-18 16:51:47"
16;"Example Bank";"Monroe Drive";"Plainview";"NY";"11803";"(123)485-7525";"2018-04-18 16:51:47"
17;"Example Bank";"Railroad Street";"Paducah";"KY";"42001";"(123)454-6360";"2018-04-18 16:51:47"
18;"Example Bank";"Church Street South";"Harleysville";"PA";"19438";"(123)482-4455";"2018-04-18 16:51:47"
19;"Example Bank";"King Street";"SilverSpring";"MD";"20901";"(123)448-4380";"2018-04-18 16:51:47"
20;"Example Bank";"Canterbury Drive";"Burnsville";"MN";"55337";"(123)484-0138";"2018-04-18 16:51:47"
21;"Example Bank";"2nd Avenue";"Tacoma";"WA";"98444";"(123)436-2433";"2018-04-18 16:51:47"
22;"Example Bank";"Front Street South";"Carlisle";"PA";"17013";"(123)492-2492";"2018-04-18 16:51:47"
23;"Example Bank";"Highland Avenue";"Duarte";"CA";"91010";"(123)446-0645";"2018-04-18 16:51:47"
24;"Example Bank";"Grove Street";"Redford";"MI";"48239";"(123)461-7414";"2018-04-18 16:51:47"
25;"Example Bank";"Park Avenue";"NewBaltimore";"MI";"48047";"(123)452-5844";"2018-04-18 16:51:47"
26;"Example Bank";"Chestnut Avenue";"LakeJackson";"TX";"77566";"(123)435-6462";"2018-04-18 16:51:47"
27;"Example Bank";"Pin Oak Drive";"WinstonSalem";"NC";"27103";"(123)483-6200";"2018-04-18 16:51:47"
28;"Example Bank";"3rd Street West";"Midlothian";"VA";"23112";"(123)441-6595";"2018-04-18 16:51:47"
29;"Example Bank";"School Street";"Glendora";"CA";"91740";"(123)478-5605";"2018-04-18 16:51:47"
30;"Example Bank";"Shady Lane";"SouthLyon";"MI";"48178";"(123)491-5717";"2018-04-18 16:51:47"
31;"Example Bank";"Queen Street";"Carrollton";"GA";"30117";"(123)414-8639";"2018-04-18 16:51:47"
32;"Example Bank";"Aspen Court";"Helena";"MT";"59601";"(123)430-2170";"2018-04-18 16:51:47"
35;"Example Bank";"Durham Road";"Loganville";"GA";"30052";"(123)431-6769";"2018-04-18 16:51:47"
36;"Example Bank";"Spruce Avenue";"ElDorado";"AR";"71730";"(123)468-5988";"2018-04-18 16:51:47"
37;"Example Bank";"Lawrence Street";"CapeCoral";"FL";"33904";"(123)477-1676";"2018-04-18 16:51:47"
38;"Example Bank";"7th Street";"Starkville";"MS";"39759";"(123)481-0167";"2018-04-18 16:51:47"
39;"Example Bank";"Devonshire Drive";"Grandville";"MI";"49418";"(123)420-9297";"2018-04-18 16:51:47"
40;"Example Bank";"Franklin Avenue";"Jonesboro";"GA";"30236";"(123)429-5270";"2018-04-18 16:51:47"
42;"Example Bank";"Elmwood Avenue";"Youngstown";"OH";"44512";"(123)423-7878";"2018-04-18 16:51:47"
43;"Example Bank";"Ashley Court";"Houston";"TX";"77016";"(123)475-5992";"2018-04-18 16:51:47"
44;"Example Bank";"12th Street East";"Greenville";"NC";"27834";"(123)473-6019";"2018-04-18 16:51:47"
45;"Example Bank";"Bayberry Drive";"Wilmette";"IL";"60091";"(123)445-3475";"2018-04-18 16:51:47"
46;"Example Bank";"Jones Street";"Levittown";"NY";"11756";"(123)494-7541";"2018-04-18 16:51:47"
47;"Example Bank";"Route 10";"NewBerlin";"WI";"53151";"(123)487-3625";"2018-04-18 16:51:47"
48;"Example Bank";"Cedar Avenue";"Bartlett";"IL";"60103";"(123)410-5725";"2018-04-18 16:51:47"
49;"Example Bank";"11th Street";"Chambersburg";"PA";"17201";"(123)415-6589";"2018-04-18 16:51:47"
50;"Example Bank";"Fairway Drive";"Granger";"IN";"46530";"(123)411-5442";"2018-04-18 16:51:47"
51;"Example Bank";"Route 20";"Lombard";"IL";"60148";"(123)413-2382";"2018-04-18 16:51:47"
52;"Example Bank";"Fulton Street";"ElPaso";"TX";"79930";"(123)424-5465";"2018-04-18 16:51:47"
53;"Example Bank";"Manor Drive";"Dundalk";"MD";"21222";"(123)432-3802";"2018-04-18 16:51:47"
54;"Example Bank";"Oak Lane";"RedondoBeach";"CA";"90278";"(123)445-2537";"2018-04-18 16:51:47"
56;"Example Bank";"State Street East";"Rowlett";"TX";"75088";"(123)485-2596";"2018-04-18 16:51:47"
57;"Example Bank";"New Street";"Hartsville";"SC";"29550";"(123)477-3812";"2018-04-18 16:51:47"
58;"Example Bank";"Hickory Street";"Rossville";"GA";"30741";"(123)433-5491";"2018-04-18 16:51:47"
59;"Example Bank";"Country Lane";"Waxhaw";"NC";"28173";"(123)484-1134";"2018-04-18 16:51:47"
60;"Example Bank";"Front Street";"Richmond";"VA";"23223";"(123)452-4034";"2018-04-18 16:51:47"
63;"Example Bank";"York Street";"Oxford";"MS";"38655";"(123)437-2027";"2018-04-18 16:51:47"
66;"Example Bank";"Winding Way";"Syosset";"NY";"11791";"(123)465-6568";"2018-04-18 16:51:47"
67;"Example Bank";"Jackson Avenue";"Baltimore";"MD";"21206";"(123)443-2768";"2018-04-18 16:51:47"
69;"Example Bank";"Amherst Street";"Fenton";"MI";"48430";"(123)467-0647";"2018-04-18 16:51:47"
70;"Example Bank";"Briarwood Court";"Medford";"MA";"02155";"(123)498-2393";"2018-04-18 16:51:47"
72;"Example Bank";"Essex Court";"Stow";"OH";"44224";"(123)444-5988";"2018-04-18 16:51:47"
73;"Example Bank";"Maple Lane";"Oconomowoc";"WI";"53066";"(123)484-5883";"2018-04-18 16:51:47"
74;"Example Bank";"Evergreen Drive";"Dearborn";"MI";"48124";"(123)427-3715";"2018-04-18 16:51:47"
75;"Example Bank";"9th Street";"Rockaway";"NJ";"07866";"(123)420-4383";"2018-04-18 16:51:47"
76;"Example Bank";"8th Avenue";"WinterSprings";"FL";"32708";"(123)451-3234";"2018-04-18 16:51:47"
77;"Example Bank";"Grant Avenue";"UpperMarlboro";"MD";"20772";"(123)448-9272";"2018-04-18 16:51:47"
78;"Example Bank";"Heather Court";"Mundelein";"IL";"60060";"(123)416-4452";"2018-04-18 16:51:47"
79;"Example Bank";"George Street";"Bettendorf";"IA";"52722";"(123)439-4450";"2018-04-18 16:51:47"
80;"Example Bank";"Court Street";"Enterprise";"AL";"36330";"(123)422-8258";"2018-04-18 16:51:47"
81;"Example Bank";"Summer Street";"Simpsonville";"SC";"29680";"(123)458-3583";"2018-04-18 16:51:47"
83;"Example Bank";"Creekside Drive";"Brookfield";"WI";"53045";"(123)424-2554";"2018-04-18 16:51:47"
85;"Example Bank";"Brown Street";"LaCrosse";"WI";"54601";"(123)478-5116";"2018-04-18 16:51:47"
89;"Example Bank";"Chapel Street";"BuffaloGrove";"IL";"60089";"(123)475-0836";"2018-04-18 16:51:47"
90;"Example Bank";"Tanglewood Drive";"Chillicothe";"OH";"45601";"(123)489-0424";"2018-04-18 16:51:47"
91;"Example Bank";"Lafayette Avenue";"Davenport";"IA";"52804";"(123)475-9319";"2018-04-18 16:51:47"
93;"Example Bank";"Harrison Street";"Poughkeepsie";"NY";"12601";"(123)488-5339";"2018-04-18 16:51:47"
95;"Example Bank";"Madison Street";"Apopka";"FL";"32703";"(123)466-7289";"2018-04-18 16:51:47"
99;"Example Bank";"Bridge Street";"Seymour";"IN";"47274";"(123)416-4581";"2018-04-18 16:51:47"
100;"Example Bank";"New Street";"Wellington";"FL";"33414";"(123)480-9695";"2018-04-18 16:51:47"
103;"Example Bank";"Grant Street";"SiouxCity";"IA";"51106";"(123)448-3865";"2018-04-18 16:51:47"
104;"Example Bank";"Cambridge Court";"Owosso";"MI";"48867";"(123)490-9907";"2018-04-18 16:51:47"
105;"Example Bank";"Virginia Avenue";"LongBranch";"NJ";"07740";"(123)472-3165";"2018-04-18 16:51:47"
107;"Example Bank";"Delaware Avenue";"Defiance";"OH";"43512";"(123)446-4046";"2018-04-18 16:51:47"
109;"Example Bank";"Edgewood Drive";"Ames";"IA";"50010";"(123)447-4482";"2018-04-18 16:51:47"
111;"Example Bank";"River Street";"Kernersville";"NC";"27284";"(123)436-9108";"2018-04-18 16:51:47"
114;"Example Bank";"Madison Street";"PalmCity";"FL";"34990";"(123)417-2062";"2018-04-18 16:51:47"
115;"Example Bank";"Jefferson Street";"MurrellsInlet";"SC";"29576";"(123)490-8194";"2018-04-18 16:51:47"
117;"Example Bank";"Route 64";"Canonsburg";"PA";"15317";"(123)419-7777";"2018-04-18 16:51:47"
118;"Example Bank";"Henry Street";"Hanover";"PA";"17331";"(123)449-8005";"2018-04-18 16:51:47"
119;"Example Bank";"Fulton Street";"Ashland";"OH";"44805";"(123)412-1204";"2018-04-18 16:51:47"
121;"Example Bank";"Warren Street";"Oxnard";"CA";"93035";"(123)436-8280";"2018-04-18 16:51:47"
123;"Example Bank";"Willow Avenue";"DeerfieldBeach";"FL";"33442";"(123)436-5113";"2018-04-18 16:51:47"
124;"Example Bank";"Bay Street";"Osseo";"MN";"55311";"(123)413-4552";"2018-04-18 16:51:47"
125;"Example Bank";"Cambridge Court";"AllisonPark";"PA";"15101";"(123)469-9441";"2018-04-18 16:51:47"
126;"Example Bank";"Route 10";"Bethesda";"MD";"20814";"(123)472-3287";"2018-04-18 16:51:47"
131;"Example Bank";"Orchard Lane";"Valrico";"FL";"33594";"(123)488-0523";"2018-04-18 16:51:47"
135;"Example Bank";"Canterbury Road";"Nanuet";"NY";"10954";"(123)483-1678";"2018-04-18 16:51:47"
136;"Example Bank";"Route 11";"Independence";"KY";"41051";"(123)460-1062";"2018-04-18 16:51:47"
139;"Example Bank";"Jefferson Street";"SanLorenzo";"CA";"94580";"(123)454-7241";"2018-04-18 16:51:47"
144;"Example Bank";"Chestnut Avenue";"NewPhiladelphia";"OH";"44663";"(123)463-6138";"2018-04-18 16:51:47"
145;"Example Bank";"6th Street West";"Clermont";"FL";"34711";"(123)429-2781";"2018-04-18 16:51:47"
149;"Example Bank";"Route 27";"Gettysburg";"PA";"17325";"(123)450-7741";"2018-04-18 16:51:47"
156;"Example Bank";"Adams Street";"WestChester";"PA";"19380";"(123)454-8652";"2018-04-18 16:51:47"
158;"Example Bank";"Chestnut Avenue";"Natchez";"MS";"39120";"(123)429-3585";"2018-04-18 16:51:47"
160;"Example Bank";"Beechwood Drive";"GardenCity";"NY";"11530";"(123)469-6702";"2018-04-18 16:51:47"
164;"Example Bank";"Route 30";"Yakima";"WA";"98908";"(123)454-0280";"2018-04-18 16:51:47"
166;"Example Bank";"Route 41";"Conyers";"GA";"30012";"(123)493-5053";"2018-04-18 16:51:47"
168;"Example Bank";"Williams Street";"YubaCity";"CA";"95993";"(123)431-7447";"2018-04-18 16:51:47"
170;"Example Bank";"Broadway";"Irvington";"NJ";"07111";"(123)441-9610";"2018-04-18 16:51:47"
173;"Example Bank";"Victoria Court";"Victoria";"TX";"77904";"(123)433-7068";"2018-04-18 16:51:47"
175;"Example Bank";"Garfield Avenue";"FloralPark";"NY";"11001";"(123)484-2967";"2018-04-18 16:51:47"
178;"Example Bank";"8th Street West";"Baldwin";"NY";"11510";"(123)461-2707";"2018-04-18 16:51:47"
180;"Example Bank";"Meadow Street";"NewHaven";"CT";"06511";"(123)434-7181";"2018-04-18 16:51:47"
188;"Example Bank";"Lincoln Avenue";"Quincy";"MA";"02169";"(123)425-9065";"2018-04-18 16:51:47"
192;"Example Bank";"Glenwood Drive";"Lititz";"PA";"17543";"(123)493-7904";"2018-04-18 16:51:47"
197;"Example Bank";"Briarwood Drive";"Acworth";"GA";"30101";"(123)491-4637";"2018-04-18 16:51:47"
